"Project.ID","Deployment.Location.ID","Species","Date_Time.Captured","Age","Sex","Number.of.Animals","Minimum.Group.Size","Behaviour","Blank","Event.ID","Event.Duration","Event.Groupsize","Event.Observations"
"Algar","Algar08","Odocoileus virginianus",2018-12-18 20:54:56,"Adult","Male",1,1,"Travelling",FALSE,"E0",15,1,7
"Algar","Algar08","Alces alces",2019-04-20 14:37:51,"Adult","",1,2,"Travelling",FALSE,"E1",57,2,10
"Algar","Algar08","Alces alces",2019-04-21 19:58:59,"Unidentified","",2,2,"",FALSE,"E2",58,2,11
"Algar","Algar08","Odocoileus virginianus",2019-05-07 09:43:59,"Adult","",1,1,"Travelling",FALSE,"E3",5,1,4
"Algar","Algar08","Rangifer tarandus",2019-05-23 08:31:29,"Unidentified","",1,2,"Travelling",FALSE,"E4",34,2,9
"Algar","Algar08","Alces alces",2019-08-04 05:31:51,"Unidentified","",1,2,"Travelling",FALSE,"E5",4,2,4
"Algar","Algar08","Lepus americanus",2019-08-13 02:02:40,"Unidentified","",1,1,"",FALSE,"E6",0,1,1
"Algar","Algar08","Alces alces",2019-08-13 09:10:46,"Unidentified","",1,1,"Travelling",FALSE,"E7",4,1,4
"Algar","Algar08","Alces alces",2019-08-17 06:50:50,"Unidentified","",1,2,"Travelling",FALSE,"E8",8,2,7
"Algar","Algar08","Canis lupus",2019-11-17 18:00:39,"Adult","",1,1,"Travelling",FALSE,"E9",0,1,1
"Algar","Algar27","Odocoileus virginianus",2018-11-16 05:01:45,"Adult","Male",1,1,"Travelling",FALSE,"E10",2,1,3
"Algar","Algar27","Cervus canadensis",2018-11-18 17:43:55,"Adult","Male",1,1,"Travelling",FALSE,"E11",6,1,6
"Algar","Algar27","Canis latrans",2018-11-25 14:11:36,"Unidentified","",1,1,"",FALSE,"E12",2,1,2
"Algar","Algar27","Canis lupus",2018-12-11 10:14:10,"Adult","",1,1,"Travelling",FALSE,"E13",0,1,1
"Algar","Algar27","Canis lupus",2018-12-13 22:58:20,"Adult","",1,1,"Travelling",FALSE,"E14",7,1,5
"Algar","Algar27","Canis latrans",2019-01-06 05:47:48,"Adult","",1,1,"Travelling",FALSE,"E15",0,1,1
"Algar","Algar27","Canis latrans",2019-01-07 00:14:47,"Adult","",1,1,"Travelling",FALSE,"E16",1,1,2
"Algar","Algar27","Canis lupus",2019-01-11 03:21:55,"Adult","",1,1,"Travelling",FALSE,"E17",1,1,2
"Algar","Algar27","Alces alces",2019-01-28 17:56:09,"Adult + Juvenile","Female",1,2,"Travelling",FALSE,"E18",4,2,4
"Algar","Algar27","Canis lupus",2019-02-12 16:54:26,"Adult","",1,1,"Travelling",FALSE,"E19",0,1,1
"Algar","Algar27","Lynx canadensis",2019-02-20 18:05:21,"Adult","",1,1,"Travelling",FALSE,"E20",0,1,1
"Algar","Algar27","Lynx canadensis",2019-03-20 19:54:50,"Adult","",1,1,"Travelling",FALSE,"E21",2,1,3
"Algar","Algar27","Lynx canadensis",2019-03-23 07:20:34,"Adult","",1,1,"Travelling",FALSE,"E22",3,1,3
"Algar","Algar27","Lynx canadensis",2019-03-30 00:43:51,"Adult","",1,1,"Travelling",FALSE,"E23",2,1,3
"Algar","Algar29","Odocoileus virginianus",2018-11-22 00:56:47,"Adult","Female",1,3,"Travelling",FALSE,"E24",87,3,19
"Algar","Algar29","Odocoileus virginianus",2018-11-22 01:41:50,"Adult","Female",1,1,"Travelling",FALSE,"E25",3,1,3
"Algar","Algar29","Odocoileus virginianus",2018-11-27 22:37:29,"Adult","Male",1,1,"Travelling",FALSE,"E26",5,1,5
"Algar","Algar29","Lynx canadensis",2018-12-03 18:03:00,"Adult","",1,1,"",FALSE,"E27",0,1,1
"Algar","Algar29","Odocoileus virginianus",2018-12-08 08:15:47,"Adult","Male",1,1,"Travelling",FALSE,"E28",10,1,7
"Algar","Algar29","Canis lupus",2018-12-11 00:57:14,"Adult","",1,3,"Travelling",FALSE,"E29",38,3,3
"Algar","Algar29","Odocoileus virginianus",2018-12-20 23:28:41,"Adult","Male",1,2,"Travelling",FALSE,"E30",72,2,9
"Algar","Algar29","Alces alces",2019-02-11 04:59:50,"Unidentified","",1,1,"Foraging",FALSE,"E31",139,1,28
"Algar","Algar29","Odocoileus virginianus",2019-04-12 00:18:54,"Adult","Female",1,1,"Travelling",FALSE,"E32",53,1,11
"Algar","Algar29","Odocoileus virginianus",2019-04-12 15:07:35,"Adult","Male",1,3,"Travelling",FALSE,"E33",48,3,11
"Algar","Algar29","Ursus americanus",2019-04-15 19:36:06,"Adult","",1,1,"Travelling",FALSE,"E34",180,1,3
"Algar","Algar29","Alces alces",2019-04-17 10:42:21,"Adult","",1,1,"Travelling",FALSE,"E35",0,1,1
"Algar","Algar29","Odocoileus virginianus",2019-04-21 08:12:14,"Adult","Female",1,1,"Travelling",FALSE,"E36",20,1,6
"Algar","Algar29","Alces alces",2019-04-23 15:44:34,"Adult","",1,1,"Travelling",FALSE,"E37",1,1,2
"Algar","Algar29","Grus canadensis",2019-04-28 17:25:55,"Adult","",1,1,"Travelling",FALSE,"E38",2,1,2
"Algar","Algar29","Grus canadensis",2019-04-29 17:27:26,"Adult","",1,1,"Travelling",FALSE,"E39",63,1,2
"Algar","Algar29","Grus canadensis",2019-04-30 17:18:20,"Adult","",1,1,"Travelling",FALSE,"E40",100,2,4
"Algar","Algar29","Grus canadensis",2019-05-07 12:41:45,"Adult","",1,2,"Travelling",FALSE,"E41",7,2,3
"Algar","Algar29","Grus canadensis",2019-05-07 16:34:53,"Adult","",1,1,"Travelling",FALSE,"E42",0,1,1
"Algar","Algar29","Odocoileus virginianus",2019-05-08 10:51:11,"Adult","Female",1,3,"Travelling",FALSE,"E43",53,3,9
"Algar","Algar29","Alces alces",2019-05-16 11:11:21,"Adult","Male",1,1,"Inspecting camera",FALSE,"E44",149,1,22
"Algar","Algar29","Odocoileus virginianus",2019-05-18 06:08:48,"Adult","Female",1,1,"Travelling",FALSE,"E45",3,1,3
"Algar","Algar29","Grus canadensis",2019-05-21 06:27:10,"Adult","",1,1,"Travelling",FALSE,"E46",29,1,4
"Algar","Algar29","Odocoileus virginianus",2019-05-21 22:16:51,"Adult","Female",1,1,"Travelling",FALSE,"E47",99,1,12
"Algar","Algar29","Odocoileus virginianus",2019-05-22 21:14:36,"Adult","Male",1,1,"Foraging",FALSE,"E48",47,1,21
"Algar","Algar29","Odocoileus virginianus",2019-05-22 22:30:10,"Adult","Male",1,1,"Foraging",FALSE,"E49",57,1,18
"Algar","Algar29","Odocoileus virginianus",2019-05-25 00:54:02,"Adult","Male",1,1,"Travelling",FALSE,"E50",5,1,4
"Algar","Algar29","Grus canadensis",2019-05-26 03:49:30,"Adult","",1,1,"Travelling",FALSE,"E51",684,1,3
"Algar","Algar29","Grus canadensis",2019-05-28 04:20:45,"Adult","",1,1,"Travelling",FALSE,"E52",0,1,1
"Algar","Algar29","Alces alces",2019-05-28 19:56:07,"Adult","Male",1,1,"Travelling",FALSE,"E53",384,1,80
"Algar","Algar29","Grus canadensis",2019-05-29 15:49:20,"Adult","",1,1,"Travelling",FALSE,"E54",1,1,2
"Algar","Algar29","Ursus americanus",2019-06-03 09:25:14,"Adult","",1,1,"Inspecting camera",FALSE,"E55",87,1,4
"Algar","Algar29","Ursus americanus",2019-06-03 15:40:25,"Adult","",1,1,"Inspecting camera",FALSE,"E56",3,1,3
"Algar","Algar29","Alces alces",2019-06-09 01:56:40,"Adult","",1,1,"Inspecting camera",FALSE,"E57",142,1,41
"Algar","Algar29","Alces alces",2019-06-13 05:05:31,"Adult","Male",1,1,"Travelling",FALSE,"E58",4,1,3
"Algar","Algar29","Odocoileus virginianus",2019-06-28 02:27:32,"Adult","Female",1,1,"Travelling",FALSE,"E59",10,1,6
"Algar","Algar29","Grus canadensis",2019-07-02 13:59:57,"Adult","",2,2,"Travelling",FALSE,"E60",0,2,1
"Algar","Algar29","Grus canadensis",2019-07-29 15:38:53,"Adult + Juvenile","",2,3,"Travelling",FALSE,"E61",41,3,2
"Algar","Algar29","Grus canadensis",2019-08-02 13:44:04,"Adult + Juvenile","",2,2,"Travelling",FALSE,"E62",0,2,1
"Algar","Algar29","Ursus americanus",2019-08-09 07:59:57,"Unidentified","",1,1,"Inspecting camera",FALSE,"E63",17,1,4
"Algar","Algar29","Grus canadensis",2019-08-09 15:00:48,"Juvenile","",1,3,"Travelling",FALSE,"E64",96,3,4
"Algar","Algar29","Odocoileus virginianus",2019-08-23 08:52:09,"Adult","Female",1,1,"Travelling",FALSE,"E65",4,1,3
"Algar","Algar29","Odocoileus virginianus",2019-08-24 11:27:17,"Adult","",1,1,"Travelling",FALSE,"E66",8,1,5
"Algar","Algar29","Odocoileus virginianus",2019-09-11 08:01:58,"Adult","Female",1,1,"Travelling",FALSE,"E67",707,1,12
"Algar","Algar29","Ursus americanus",2019-09-26 12:02:58,"Juvenile","",1,1,"Travelling",FALSE,"E68",0,1,1
"Algar","Algar29","Ursus americanus",2019-09-26 16:06:23,"Juvenile","",1,1,"Travelling",FALSE,"E69",0,1,1
"Algar","Algar29","Ursus americanus",2019-10-04 14:58:42,"Juvenile","",1,1,"Travelling",FALSE,"E70",0,1,1
"Algar","Algar29","Odocoileus virginianus",2019-10-21 15:53:46,"Adult","Female",1,1,"Travelling",FALSE,"E71",5,1,5
"Algar","Algar29","Odocoileus virginianus",2019-10-29 14:45:06,"Adult","Female",1,1,"Travelling",FALSE,"E72",113,1,10
"Algar","Algar29","Odocoileus virginianus",2019-11-01 23:25:32,"Adult","Male",1,1,"Travelling",FALSE,"E73",3,1,3
"Algar","Algar29","Odocoileus virginianus",2019-11-02 15:09:16,"Adult","Female",1,2,"Travelling",FALSE,"E74",40,2,11
"Algar","Algar29","Odocoileus virginianus",2019-11-08 20:57:02,"Adult","Male",1,1,"Travelling",FALSE,"E75",5,1,4
"Algar","Algar29","Odocoileus virginianus",2019-11-16 12:41:39,"Adult","",1,1,"Travelling",FALSE,"E76",4,1,3
"Algar","Algar31","Alces alces",2018-12-26 14:59:52,"Adult + Juvenile","Female",1,2,"Travelling",FALSE,"E77",68,2,9
"Algar","Algar31","Martes americana",2019-03-21 02:56:21,"Adult","",1,1,"",FALSE,"E78",0,1,1
"Algar","Algar31","Martes americana",2019-03-22 21:06:58,"Adult","",1,1,"",FALSE,"E79",0,1,1
"Algar","Algar31","Alces alces",2019-03-31 19:33:52,"Adult","",1,1,"Travelling",FALSE,"E80",2,1,2
"Algar","Algar31","Canis lupus",2019-04-03 21:50:35,"Adult","",1,2,"Travelling",FALSE,"E81",0,2,1
"Algar","Algar31","Canis lupus",2019-04-03 23:20:12,"Adult","",1,2,"Travelling",FALSE,"E82",0,2,1
"Algar","Algar31","Canis lupus",2019-04-20 06:21:30,"Adult","",1,1,"Travelling",FALSE,"E83",4,1,4
"Algar","Algar31","Canis lupus",2019-04-27 01:00:16,"Adult","",1,1,"",FALSE,"E84",52,1,3
"Algar","Algar31","Grus canadensis",2019-04-27 09:57:27,"Adult","",1,2,"Travelling",FALSE,"E85",28,2,13
"Algar","Algar31","Canis lupus",2019-04-28 10:31:40,"Adult","",1,3,"Travelling",FALSE,"E86",28,3,4
"Algar","Algar31","Grus canadensis",2019-05-08 17:02:49,"Adult","",1,1,"Travelling",FALSE,"E87",0,1,1
"Algar","Algar31","Grus canadensis",2019-05-08 19:42:25,"Adult","",1,1,"Foraging",FALSE,"E88",73,1,22
"Algar","Algar31","Grus canadensis",2019-05-12 05:32:53,"Adult","",1,1,"Travelling",FALSE,"E89",12,1,5
"Algar","Algar31","Martes americana",2019-05-29 03:47:42,"Adult","",1,1,"Travelling",FALSE,"E90",1,1,2
"Algar","Algar31","Grus canadensis",2019-06-03 12:09:27,"Adult","",2,2,"Travelling",FALSE,"E91",2,2,2
"Algar","Algar31","Grus canadensis",2019-06-06 06:40:52,"Adult","",1,1,"Travelling",FALSE,"E92",600,2,8
"Algar","Algar31","Odocoileus virginianus",2019-06-09 08:12:20,"Adult","Female",1,1,"Travelling",FALSE,"E93",3,1,3
"Algar","Algar31","Grus canadensis",2019-06-11 05:31:09,"Adult","",1,1,"Travelling",FALSE,"E94",55,1,9
"Algar","Algar31","Rangifer tarandus",2019-06-11 20:57:37,"Adult","Female",1,1,"Foraging",FALSE,"E95",15,1,10
"Algar","Algar31","Alces alces",2019-06-12 22:03:21,"Adult","",1,1,"Travelling",FALSE,"E96",9,1,5
"Algar","Algar31","Canis lupus",2019-06-17 04:43:41,"Adult","",1,1,"Travelling",FALSE,"E97",26,1,2
"Algar","Algar31","Grus canadensis",2019-06-18 04:36:11,"Adult","",1,2,"Travelling",FALSE,"E98",5,2,3
"Algar","Algar31","Rangifer tarandus",2019-06-22 03:47:48,"Adult","Male",1,1,"Travelling",FALSE,"E99",3,1,3
"Algar","Algar31","Rangifer tarandus",2019-06-29 06:16:42,"Adult","Female",1,1,"Inspecting camera",FALSE,"E100",85,1,42
"Algar","Algar31","Rangifer tarandus",2019-07-04 23:04:05,"Adult","",1,1,"Inspecting camera",FALSE,"E101",23,1,9
"Algar","Algar31","Rangifer tarandus",2019-07-14 16:28:46,"Adult","Female",1,1,"Travelling",FALSE,"E102",0,1,1
"Algar","Algar31","Grus canadensis",2019-07-18 20:00:46,"Adult","",1,1,"Other",FALSE,"E103",0,1,1
"Algar","Algar31","Ursus americanus",2019-07-21 12:51:49,"Adult + Juvenile","",2,3,"Travelling",FALSE,"E104",5,3,3
"Algar","Algar31","Grus canadensis",2019-07-28 20:02:52,"Adult","",1,2,"Travelling",FALSE,"E105",7,2,6
"Algar","Algar31","Grus canadensis",2019-08-01 16:37:09,"Adult","",1,1,"Travelling",FALSE,"E106",3,1,2
"Algar","Algar31","Rangifer tarandus",2019-08-04 06:33:21,"Adult","Male",1,1,"Travelling",FALSE,"E107",0,1,1
"Algar","Algar31","Grus canadensis",2019-08-12 19:43:17,"Adult","",1,2,"Travelling",FALSE,"E108",14,2,6
"Algar","Algar31","Grus canadensis",2019-08-19 07:05:13,"Adult","",1,2,"Travelling",FALSE,"E109",22,2,10
"Algar","Algar31","Rangifer tarandus",2019-09-14 09:46:32,"Adult","",1,1,"Travelling",FALSE,"E110",0,1,1
"Algar","Algar31","Rangifer tarandus",2019-09-14 11:02:25,"Adult","Female",1,3,"Travelling",FALSE,"E111",14,3,7
"Algar","Algar31","Rangifer tarandus",2019-09-16 14:43:15,"Adult","Male",1,1,"Travelling",FALSE,"E112",2,1,2
"Algar","Algar31","Rangifer tarandus",2019-09-20 05:56:26,"Adult","Male",1,1,"Travelling",FALSE,"E113",2,1,2
"Algar","Algar31","Rangifer tarandus",2019-09-20 12:41:44,"Adult","Male",1,1,"Travelling",FALSE,"E114",2,1,2
"Algar","Algar31","Rangifer tarandus",2019-09-24 16:03:13,"Adult","Female",1,2,"Travelling",FALSE,"E115",16,2,6
"Algar","Algar31","Rangifer tarandus",2019-09-26 11:06:53,"Adult","Male",1,1,"Travelling",FALSE,"E116",4,1,3
"Algar","Algar31","Rangifer tarandus",2019-09-26 11:43:30,"Adult","Male",1,1,"Travelling",FALSE,"E117",2,1,2
"Algar","Algar31","Ursus americanus",2019-10-16 15:10:56,"Adult","",1,1,"Travelling",FALSE,"E118",1,1,2
"Algar","Algar31","Rangifer tarandus",2019-10-17 12:31:55,"Adult","",1,1,"Travelling",FALSE,"E119",14,1,6
"Algar","Algar31","Lepus americanus",2019-11-19 23:15:02,"Adult","",1,1,"Travelling",FALSE,"E120",0,1,1
"Algar","Algar31","Martes americana",2019-11-20 22:32:29,"Adult","",1,1,"Travelling",FALSE,"E121",1,1,2
"Algar","Algar32","Alces alces",2018-11-22 13:29:03,"Adult","Male",1,1,"Travelling",FALSE,"E122",4,1,3
"Algar","Algar32","Grus canadensis",2019-05-03 07:51:41,"Adult","",1,1,"",FALSE,"E123",0,1,1
"Algar","Algar32","Grus canadensis",2019-06-15 12:46:52,"Adult","",1,1,"",FALSE,"E124",21,1,4
"Algar","Algar32","Grus canadensis",2019-06-15 13:55:52,"Adult","",1,1,"",FALSE,"E125",0,1,1
"Algar","Algar32","Odocoileus virginianus",2019-06-21 05:03:52,"Adult","",1,1,"Travelling",FALSE,"E126",4,1,3
"Algar","Algar32","Rangifer tarandus",2019-07-25 21:24:27,"Adult","",1,1,"Inspecting camera",FALSE,"E127",36,1,14
"Algar","Algar32","Rangifer tarandus",2019-09-10 19:41:26,"Adult","",1,1,"Inspecting camera",FALSE,"E128",3,1,2
"Algar","Algar32","Lynx canadensis",2019-11-01 14:49:02,"Adult","",1,1,"",FALSE,"E129",2,1,2
"Algar","Algar34","Odocoileus virginianus",2018-11-28 02:01:23,"Adult","Male",1,1,"Travelling",FALSE,"E130",3,1,3
"Algar","Algar34","Lynx canadensis",2019-01-10 16:53:14,"Adult","",1,1,"Travelling",FALSE,"E131",1,1,2
"Algar","Algar34","Odocoileus virginianus",2019-01-15 00:22:48,"Adult","Female",1,1,"",FALSE,"E132",5,1,5
"Algar","Algar34","Odocoileus virginianus",2019-01-16 02:15:14,"Adult","Female",1,1,"",FALSE,"E133",4,1,4
"Algar","Algar34","Lynx canadensis",2019-01-26 16:40:37,"Adult","",1,1,"Travelling",FALSE,"E134",9,1,2
"Algar","Algar34","Lynx canadensis",2019-02-11 13:51:44,"Adult","",1,1,"Travelling",FALSE,"E135",0,1,1
"Algar","Algar34","Alces alces",2019-03-06 17:37:22,"Adult + Juvenile","Female",1,2,"Travelling",FALSE,"E136",22,2,8
"Algar","Algar34","Lynx canadensis",2019-03-27 00:15:19,"Adult","",1,1,"",FALSE,"E137",0,1,1
"Algar","Algar35","Rangifer tarandus",2018-12-12 09:46:46,"Adult","",1,1,"",FALSE,"E138",17,1,6
"Algar","Algar35","Lepus americanus",2018-12-30 23:01:11,"Adult","",1,1,"",FALSE,"E139",12,1,2
"Algar","Algar35","Lepus americanus",2019-03-13 02:49:11,"Adult","",1,1,"",FALSE,"E140",1,1,2
"Algar","Algar35","Lepus americanus",2019-03-13 03:49:56,"Adult","",1,1,"",FALSE,"E141",1,1,2
"Algar","Algar35","Lepus americanus",2019-03-14 21:25:00,"Adult","",1,1,"",FALSE,"E142",0,1,1
"Algar","Algar35","Lepus americanus",2019-03-14 22:23:01,"Adult","",1,1,"",FALSE,"E143",0,1,1
"Algar","Algar35","Lepus americanus",2019-03-19 00:18:07,"Adult","",1,1,"",FALSE,"E144",0,1,1
"Algar","Algar35","Alces alces",2019-04-18 12:59:13,"Unidentified","Male",1,1,"Travelling",FALSE,"E145",6,1,5
"Algar","Algar35","Grus canadensis",2019-05-03 17:04:52,"Unidentified","",2,2,"",FALSE,"E146",2,2,2
"Algar","Algar35","Grus canadensis",2019-05-10 17:13:29,"Adult","",1,2,"",FALSE,"E147",0,2,1
"Algar","Algar35","Alces alces",2019-05-29 06:58:28,"Adult","Male",1,1,"Travelling",FALSE,"E148",7,1,7
"Algar","Algar35","Grus canadensis",2019-05-31 20:22:28,"Adult","",1,1,"",FALSE,"E149",10,1,6
"Algar","Algar35","Odocoileus virginianus",2019-06-02 09:24:05,"Adult","",1,1,"",FALSE,"E150",0,1,1
"Algar","Algar35","Alces alces",2019-06-15 07:55:07,"Adult","Male",1,1,"Travelling",FALSE,"E151",13,1,9
"Algar","Algar35","Grus canadensis",2019-06-26 14:42:38,"Adult + Juvenile","",3,3,"",FALSE,"E152",0,3,1
"Algar","Algar35","Alces alces",2019-06-28 01:15:31,"Adult","Male",1,1,"Travelling",FALSE,"E153",45,1,8
"Algar","Algar35","Alces alces",2019-06-28 05:15:43,"Adult","Male",1,1,"Travelling",FALSE,"E154",4,1,3
"Algar","Algar35","Grus canadensis",2019-07-03 13:47:38,"Adult + Juvenile","",3,3,"",FALSE,"E155",5,3,4
"Algar","Algar35","Grus canadensis",2019-07-08 08:24:33,"Adult + Juvenile","",2,2,"",FALSE,"E156",724,2,6
"Algar","Algar35","Alces alces",2019-07-10 07:31:51,"Adult","Male",1,1,"Travelling",FALSE,"E157",5,1,5
"Algar","Algar35","Rangifer tarandus",2019-07-13 07:17:27,"Adult","Male",1,1,"Travelling",FALSE,"E158",5,1,5
"Algar","Algar35","Ursus americanus",2019-07-14 03:52:48,"Adult","",1,1,"",FALSE,"E159",0,1,1
"Algar","Algar35","Grus canadensis",2019-07-28 13:52:18,"Adult","",1,3,"",FALSE,"E160",21,3,7
"Algar","Algar35","Grus canadensis",2019-07-31 10:10:15,"Adult + Juvenile","",3,3,"",FALSE,"E161",3,3,3
"Algar","Algar35","Grus canadensis",2019-08-09 13:31:23,"Adult + Juvenile","",2,3,"",FALSE,"E162",8,3,5
"Algar","Algar35","Alces alces",2019-08-09 13:49:32,"Adult","Male",1,1,"Travelling",FALSE,"E163",6,1,5
"Algar","Algar35","Tamiasciurus hudsonicus",2019-08-11 16:45:19,"Unidentified","",1,1,"",FALSE,"E164",0,1,1
"Algar","Algar35","Tamiasciurus hudsonicus",2019-08-12 19:45:44,"Unidentified","",1,1,"",FALSE,"E165",0,1,1
"Algar","Algar35","Ursus americanus",2019-08-13 13:55:43,"Adult","",1,1,"Travelling",FALSE,"E166",4,1,2
"Algar","Algar35","Tamiasciurus hudsonicus",2019-08-14 08:21:10,"Unidentified","",1,1,"",FALSE,"E167",0,1,1
"Algar","Algar35","Rangifer tarandus",2019-09-15 04:10:00,"Adult","",1,1,"Travelling",FALSE,"E168",3,1,3
"Algar","Algar35","Rangifer tarandus",2019-10-04 07:54:44,"Adult","",1,1,"Travelling",FALSE,"E169",5,1,5
"Algar","Algar35","Lynx canadensis",2019-10-23 22:48:20,"Adult","",1,1,"",FALSE,"E170",3,1,3
"Algar","Algar37","Rangifer tarandus",2018-11-26 09:08:46,"Adult","",1,1,"Inspecting camera",FALSE,"E171",12,1,8
"Algar","Algar37","Rangifer tarandus",2018-12-04 12:36:46,"Adult","",1,1,"Inspecting camera",FALSE,"E172",0,1,1
"Algar","Algar37","Rangifer tarandus",2019-05-16 07:42:11,"Adult","",1,1,"Travelling",FALSE,"E173",19,1,5
"Algar","Algar37","Grus canadensis",2019-05-22 03:58:46,"Adult","",2,2,"",FALSE,"E174",0,2,1
"Algar","Algar37","Grus canadensis",2019-05-24 06:42:39,"Adult","",2,2,"",FALSE,"E175",7,2,2
"Algar","Algar37","Grus canadensis",2019-05-26 08:08:00,"Adult","",1,1,"",FALSE,"E176",0,1,1
"Algar","Algar37","Grus canadensis",2019-05-27 06:28:19,"Adult","",1,1,"",FALSE,"E177",275,1,5
"Algar","Algar37","Grus canadensis",2019-05-28 06:33:25,"Adult","",3,4,"",FALSE,"E178",20,4,7
"Algar","Algar37","Grus canadensis",2019-05-29 07:40:38,"Adult","",2,2,"",FALSE,"E179",0,2,1
"Algar","Algar37","Grus canadensis",2019-05-29 12:48:11,"Adult","",2,2,"",FALSE,"E180",237,2,7
"Algar","Algar37","Grus canadensis",2019-05-31 12:36:40,"Adult","",2,2,"",FALSE,"E181",527,2,6
"Algar","Algar37","Grus canadensis",2019-06-01 07:55:30,"Adult","",2,2,"",FALSE,"E182",63,2,7
"Algar","Algar37","Grus canadensis",2019-06-02 08:32:38,"Adult","",3,3,"",FALSE,"E183",9,3,7
"Algar","Algar37","Grus canadensis",2019-06-02 12:35:08,"Adult","",1,2,"Foraging",FALSE,"E184",1730,2,19
"Algar","Algar37","Grus canadensis",2019-06-03 16:30:18,"Adult","",1,1,"",FALSE,"E185",0,1,1
"Algar","Algar37","Grus canadensis",2019-06-05 05:23:21,"Adult","",2,3,"Foraging",FALSE,"E186",12,3,9
"Algar","Algar37","Grus canadensis",2019-06-09 16:24:31,"Adult","",2,2,"Foraging",FALSE,"E187",497,2,2
"Algar","Algar37","Grus canadensis",2019-06-10 10:51:15,"Adult","",2,2,"Foraging",FALSE,"E188",10,2,3
"Algar","Algar37","Grus canadensis",2019-06-10 20:10:07,"Adult","",1,1,"",FALSE,"E189",0,1,1
"Algar","Algar37","Grus canadensis",2019-06-11 04:04:34,"Adult","",1,1,"Foraging",FALSE,"E190",81,1,6
"Algar","Algar37","Grus canadensis",2019-06-12 07:12:38,"Adult","",1,1,"Travelling",FALSE,"E191",5,1,4
"Algar","Algar37","Grus canadensis",2019-06-16 05:15:45,"Adult","",1,1,"Travelling",FALSE,"E192",6,1,4
"Algar","Algar37","Grus canadensis",2019-06-17 05:23:08,"Adult","",2,2,"Foraging",FALSE,"E193",3,2,2
"Algar","Algar37","Grus canadensis",2019-06-24 11:32:00,"Adult","",1,2,"Foraging",FALSE,"E194",8,2,5
"Algar","Algar37","Grus canadensis",2019-06-26 19:45:49,"Adult","",1,1,"Travelling",FALSE,"E195",6,1,2
"Algar","Algar37","Ursus americanus",2019-06-27 05:52:47,"Adult","",1,1,"Travelling",FALSE,"E196",4,1,4
"Algar","Algar37","Grus canadensis",2019-07-03 12:10:00,"Adult + Juvenile","",3,3,"",FALSE,"E197",0,3,1
"Algar","Algar37","Grus canadensis",2019-07-03 13:33:40,"Adult","",1,2,"Travelling",FALSE,"E198",8,2,6
"Algar","Algar37","Grus canadensis",2019-07-05 06:45:54,"Adult","",2,2,"Foraging",FALSE,"E199",31,2,4
"Algar","Algar37","Grus canadensis",2019-07-09 04:49:57,"Adult","",1,1,"Foraging",FALSE,"E200",19,1,3
"Algar","Algar37","Grus canadensis",2019-07-17 09:31:17,"Adult","",1,1,"Foraging",FALSE,"E201",202,1,17
"Algar","Algar37","Grus canadensis",2019-07-17 11:03:00,"Adult","",1,1,"Foraging",FALSE,"E202",49,1,11
"Algar","Algar37","Grus canadensis",2019-07-21 06:15:49,"Adult","",2,2,"",FALSE,"E203",0,2,1
"Algar","Algar37","Grus canadensis",2019-07-21 15:11:42,"Adult","",1,1,"Travelling",FALSE,"E204",25,1,8
"Algar","Algar37","Grus canadensis",2019-07-21 15:56:06,"Adult","",4,4,"",FALSE,"E205",2,4,2
"Algar","Algar37","Grus canadensis",2019-07-22 12:13:07,"Adult","",1,1,"Travelling",FALSE,"E206",17,1,8
"Algar","Algar37","Grus canadensis",2019-07-26 09:21:33,"Adult","",2,2,"Foraging",FALSE,"E207",10,2,6
"Algar","Algar37","Grus canadensis",2019-07-29 06:53:21,"Adult","",2,2,"Foraging",FALSE,"E208",3,2,3
"Algar","Algar37","Grus canadensis",2019-07-31 06:53:20,"Adult","",1,1,"Travelling",FALSE,"E209",1414,4,28
"Algar","Algar37","Grus canadensis",2019-08-01 06:10:02,"Adult","",2,5,"Travelling",FALSE,"E210",13,5,11
"Algar","Algar37","Grus canadensis",2019-08-02 07:48:48,"Adult","",4,5,"Travelling",FALSE,"E211",123,5,12
"Algar","Algar37","Grus canadensis",2019-08-05 06:57:12,"Adult","",1,1,"",FALSE,"E212",0,1,1
"Algar","Algar37","Grus canadensis",2019-08-06 07:08:59,"Adult","",2,6,"Foraging",FALSE,"E213",467,6,28
"Algar","Algar37","Grus canadensis",2019-08-09 08:12:31,"Adult","",2,4,"Foraging",FALSE,"E214",3,4,2
"Algar","Algar37","Grus canadensis",2019-08-11 09:58:02,"Adult","",3,4,"Foraging",FALSE,"E215",11,4,8
"Algar","Algar37","Grus canadensis",2019-08-12 07:22:44,"Adult","",2,4,"Foraging",FALSE,"E216",15,4,10
"Algar","Algar37","Grus canadensis",2019-09-13 08:15:00,"Adult","",2,2,"Travelling",FALSE,"E217",3,2,2
"Algar","Algar37","Ursus americanus",2019-10-13 12:15:12,"Adult","",1,1,"Travelling",FALSE,"E218",15,1,6
"Algar","Algar38","Martes americana",2018-12-27 15:29:44,"Adult","",1,1,"",FALSE,"E219",0,1,1
"Algar","Algar38","Rangifer tarandus",2019-04-24 09:28:51,"Adult","",1,1,"",FALSE,"E220",49,1,4
"Algar","Algar38","Grus canadensis",2019-04-25 15:14:10,"Adult","",1,1,"",FALSE,"E221",0,1,1
"Algar","Algar38","Grus canadensis",2019-04-27 13:33:32,"Adult","",1,1,"Foraging",FALSE,"E222",27,1,10
"Algar","Algar38","Grus canadensis",2019-04-27 14:18:33,"Adult","",1,1,"Foraging",FALSE,"E223",10,1,6
"Algar","Algar38","Grus canadensis",2019-05-07 11:13:59,"Adult","",1,1,"Foraging",FALSE,"E224",17,1,3
"Algar","Algar38","Grus canadensis",2019-05-07 16:43:00,"Adult","",1,1,"Foraging",FALSE,"E225",497,2,15
"Algar","Algar38","Grus canadensis",2019-05-09 10:24:35,"Adult","",1,1,"Foraging",FALSE,"E226",112,1,5
"Algar","Algar38","Grus canadensis",2019-05-09 13:21:36,"Adult","",1,1,"",FALSE,"E227",1,1,2
"Algar","Algar38","Grus canadensis",2019-05-11 15:34:58,"Adult","",1,1,"Foraging",FALSE,"E228",55,1,8
"Algar","Algar38","Grus canadensis",2019-05-11 16:47:43,"Adult","",1,1,"Foraging",FALSE,"E229",1,1,2
"Algar","Algar38","Grus canadensis",2019-05-14 15:15:47,"Adult","",1,2,"Foraging",FALSE,"E230",1481,2,7
"Algar","Algar38","Grus canadensis",2019-05-15 10:29:06,"Adult","",1,1,"Foraging",FALSE,"E231",7,1,2
"Algar","Algar38","Grus canadensis",2019-05-15 12:01:38,"Adult","",2,2,"Travelling",FALSE,"E232",1,2,2
"Algar","Algar38","Grus canadensis",2019-05-17 18:14:37,"Adult","",1,1,"Travelling",FALSE,"E233",4,1,3
"Algar","Algar38","Rangifer tarandus",2019-05-22 06:51:13,"Adult","Female",1,1,"Travelling",FALSE,"E234",8,1,3
"Algar","Algar38","Grus canadensis",2019-05-27 13:30:20,"Adult","",1,1,"Foraging",FALSE,"E235",30,1,8
"Algar","Algar38","Grus canadensis",2019-05-28 10:54:38,"Adult","",1,1,"Foraging",FALSE,"E236",44,1,8
"Algar","Algar38","Grus canadensis",2019-06-07 09:06:32,"Adult","",2,2,"Foraging",FALSE,"E237",0,2,1
"Algar","Algar38","Grus canadensis",2019-06-10 13:20:07,"Adult","",2,2,"Foraging",FALSE,"E238",0,2,1
"Algar","Algar38","Grus canadensis",2019-06-10 14:37:03,"Adult","",2,2,"Foraging",FALSE,"E239",387,2,25
"Algar","Algar38","Grus canadensis",2019-06-19 12:19:26,"Adult","",1,1,"",FALSE,"E240",0,1,1
"Algar","Algar38","Grus canadensis",2019-06-20 12:29:30,"Adult","",2,2,"",FALSE,"E241",0,2,1
"Algar","Algar38","Rangifer tarandus",2019-07-02 11:01:44,"Adult + Juvenile","",1,2,"Inspecting camera",FALSE,"E242",22,2,10
"Algar","Algar38","Rangifer tarandus",2019-07-08 19:31:48,"Adult","",1,2,"Inspecting camera",FALSE,"E243",73,2,22
"Algar","Algar38","Grus canadensis",2019-07-15 07:10:01,"Adult","",1,1,"",FALSE,"E244",0,1,1
"Algar","Algar38","Rangifer tarandus",2019-07-18 21:49:51,"Adult","",1,1,"Travelling",FALSE,"E245",1,1,2
"Algar","Algar38","Rangifer tarandus",2019-07-26 12:17:54,"Adult","",1,1,"",FALSE,"E246",0,1,1
"Algar","Algar38","Rangifer tarandus",2019-07-27 07:28:22,"Adult","",1,1,"",FALSE,"E247",6,1,2
"Algar","Algar38","Grus canadensis",2019-08-02 11:52:00,"Adult","",1,1,"",FALSE,"E248",0,1,1
"Algar","Algar38","Grus canadensis",2019-08-09 13:39:30,"Adult","",1,4,"Travelling",FALSE,"E249",26,4,7
"Algar","Algar38","Rangifer tarandus",2019-08-17 14:38:51,"Adult","",1,1,"",FALSE,"E250",1,1,2
"Algar","Algar38","Rangifer tarandus",2019-11-20 10:49:55,"Adult","",1,3,"Travelling",FALSE,"E251",15,3,4
"Algar","Algar39","Canis lupus",2018-12-14 00:25:37,"Adult","",1,1,"Travelling",FALSE,"E252",4,1,3
"Algar","Algar39","Canis lupus",2018-12-14 10:06:58,"Adult","",1,1,"Travelling",FALSE,"E253",37,1,6
"Algar","Algar39","Canis lupus",2018-12-21 07:59:12,"Adult","",1,2,"Travelling",FALSE,"E254",49,2,6
"Algar","Algar39","Canis lupus",2019-03-20 18:18:02,"Adult","",1,1,"Travelling",FALSE,"E255",3,1,3
"Algar","Algar39","Grus canadensis",2019-05-02 16:20:06,"Adult","",2,2,"",FALSE,"E256",0,2,1
"Algar","Algar39","Ursus americanus",2019-05-11 18:40:20,"Adult","",1,1,"Travelling",FALSE,"E257",3,1,2
"Algar","Algar39","Ursus americanus",2019-05-23 14:01:21,"Adult","",1,1,"Travelling",FALSE,"E258",4,1,3
"Algar","Algar39","Grus canadensis",2019-05-24 05:09:16,"Adult","",1,3,"Travelling",FALSE,"E259",15,3,5
"Algar","Algar39","Canis lupus",2019-06-05 16:21:28,"Adult","",1,1,"Travelling",FALSE,"E260",0,1,1
"Algar","Algar39","Grus canadensis",2019-07-03 19:57:15,"Adult","",1,3,"Travelling",FALSE,"E261",3,3,3
"Algar","Algar39","Grus canadensis",2019-07-10 12:28:14,"Adult","",2,2,"",FALSE,"E262",1,2,2
"Algar","Algar39","Grus canadensis",2019-07-20 07:29:30,"Adult","",2,2,"Travelling",FALSE,"E263",11,2,5
"Algar","Algar39","Grus canadensis",2019-07-26 12:56:29,"Adult","",2,2,"",FALSE,"E264",2,2,2
"Algar","Algar39","Ursus americanus",2019-08-14 12:03:24,"Adult","",1,1,"Travelling",FALSE,"E265",0,1,1
"Algar","Algar39","Rangifer tarandus",2019-09-01 06:10:13,"Adult","",1,2,"Foraging",FALSE,"E266",131,2,27
"Algar","Algar39","Rangifer tarandus",2019-09-01 07:00:16,"Adult","",1,2,"Foraging",FALSE,"E267",12,2,7
"Algar","Algar39","Rangifer tarandus",2019-10-06 15:12:32,"Adult","",1,1,"Inspecting camera",FALSE,"E268",11,1,7
"Algar","Algar39","Rangifer tarandus",2019-10-06 21:03:37,"Adult","",1,1,"Travelling",FALSE,"E269",4,1,4
"Algar","Algar39","Alces alces",2019-11-14 00:57:16,"Adult","Male",1,1,"Travelling",FALSE,"E270",2,1,3
"Algar","Algar61","Odocoileus virginianus",2018-11-18 20:20:31,"Adult","Female",1,1,"",FALSE,"E271",1483,1,18
"Algar","Algar61","Odocoileus virginianus",2018-11-22 22:23:23,"Adult","Female",1,1,"Travelling",FALSE,"E272",17,1,11
"Algar","Algar61","Odocoileus virginianus",2018-11-23 11:11:38,"Adult","Male",1,1,"Travelling",FALSE,"E273",7,1,7
"Algar","Algar61","Odocoileus virginianus",2018-11-26 07:40:29,"Adult","Male",1,1,"Travelling",FALSE,"E274",9,1,7
"Algar","Algar61","Odocoileus virginianus",2018-11-29 09:20:57,"Adult","Female",1,2,"Inspecting camera",FALSE,"E275",107,2,11
"Algar","Algar61","Odocoileus virginianus",2018-12-18 09:35:07,"Adult","Male",1,2,"Travelling",FALSE,"E276",413,2,12
"Algar","Algar61","Odocoileus virginianus",2018-12-19 02:53:50,"Adult","Female",1,2,"",FALSE,"E277",325,2,88
"Algar","Algar61","Odocoileus virginianus",2018-12-20 01:24:33,"Adult","Female",1,1,"Travelling",FALSE,"E278",16,1,8
"Algar","Algar61","Odocoileus virginianus",2018-12-20 18:21:18,"Adult","Female",1,1,"Travelling",FALSE,"E279",7,1,3
"Algar","Algar61","Odocoileus virginianus",2018-12-21 00:53:58,"Adult","Female",1,3,"Travelling",FALSE,"E280",75,3,19
"Algar","Algar61","Odocoileus virginianus",2019-01-08 13:43:26,"Adult","Female",1,1,"Travelling",FALSE,"E281",52,1,10
"Algar","Algar61","Martes americana",2019-01-11 06:09:40,"Adult","",1,1,"",FALSE,"E282",2,1,2
"Algar","Algar61","Odocoileus virginianus",2019-02-02 16:45:27,"Adult","Female",1,2,"Travelling",FALSE,"E283",174,2,20
"Algar","Algar61","Odocoileus virginianus",2019-02-07 02:28:29,"Unidentified","",1,1,"",FALSE,"E284",8,1,3
"Algar","Algar61","Odocoileus virginianus",2019-02-09 20:38:05,"Adult","Female",1,1,"Travelling",FALSE,"E285",10,1,7
"Algar","Algar61","Odocoileus virginianus",2019-02-12 11:30:33,"Adult","Female",1,1,"Travelling",FALSE,"E286",27,2,11
"Algar","Algar61","Odocoileus virginianus",2019-02-18 13:23:55,"Adult","",1,1,"",FALSE,"E287",111,1,17
"Algar","Algar61","Odocoileus virginianus",2019-02-26 13:21:06,"Adult","Female",1,1,"Travelling",FALSE,"E288",56,1,9
"Algar","Algar61","Odocoileus virginianus",2019-03-07 09:50:56,"Adult","Male",1,2,"",FALSE,"E289",636,2,33
"Algar","Algar61","Odocoileus virginianus",2019-03-19 08:35:02,"Adult","",1,1,"Travelling",FALSE,"E290",10,1,7
"Algar","Algar61","Odocoileus virginianus",2019-06-07 07:23:56,"Adult","",1,1,"Travelling",FALSE,"E291",16,1,10
"Algar","Algar61","Odocoileus virginianus",2019-06-10 00:59:16,"Adult","Female",1,1,"Travelling",FALSE,"E292",8,1,5
"Algar","Algar61","Odocoileus virginianus",2019-06-19 06:37:48,"Adult","Female",1,1,"Inspecting camera",FALSE,"E293",65,1,33
"Algar","Algar61","Ursus americanus",2019-06-22 07:03:59,"Adult","",1,1,"Inspecting camera",FALSE,"E294",51,1,16
"Algar","Algar61","Odocoileus virginianus",2019-06-23 08:16:46,"Adult","Female",1,1,"Travelling",FALSE,"E295",29,1,16
"Algar","Algar61","Odocoileus virginianus",2019-06-27 05:50:20,"Unidentified","",1,1,"",FALSE,"E296",10,1,3
"Algar","Algar61","Odocoileus virginianus",2019-07-04 15:27:06,"Adult","",1,1,"Travelling",FALSE,"E297",23,1,6
"Algar","Algar61","Odocoileus virginianus",2019-07-06 14:50:23,"Adult","",1,1,"",FALSE,"E298",0,1,1
"Algar","Algar61","Odocoileus virginianus",2019-07-15 21:16:30,"Adult","Male",1,1,"Foraging",FALSE,"E299",100,1,17
"Algar","Algar61","Odocoileus virginianus",2019-07-21 22:19:27,"Adult","Female",1,1,"Travelling",FALSE,"E300",76,1,9
"Algar","Algar61","Odocoileus virginianus",2019-08-08 18:17:47,"Adult","Female",1,1,"Travelling",FALSE,"E301",11,1,7
"Algar","Algar61","Odocoileus virginianus",2019-08-21 16:19:21,"Adult","Male",1,1,"Travelling",FALSE,"E302",8,1,6
"Algar","Algar61","Odocoileus virginianus",2019-09-07 10:40:19,"Adult","Male",1,1,"Foraging",FALSE,"E303",56,1,19
"Algar","Algar61","Martes americana",2019-10-28 03:37:16,"Adult","",1,1,"",FALSE,"E304",0,1,1
"Algar","Algar61","Odocoileus virginianus",2019-11-11 15:27:21,"Adult","Male",1,1,"Travelling",FALSE,"E305",3,1,3
"Algar","Algar61","Odocoileus virginianus",2019-11-12 08:53:35,"Adult","Male",1,1,"Foraging",FALSE,"E306",8,1,6
"Algar","Algar61","Odocoileus virginianus",2019-11-18 09:08:32,"Adult","Male",1,1,"Travelling",FALSE,"E307",14,1,5
"Algar","Algar62","Odocoileus virginianus",2018-12-29 18:45:04,"Adult","Male",1,1,"Travelling",FALSE,"E308",19,1,6
"Algar","Algar62","Odocoileus virginianus",2018-12-30 02:49:55,"Unidentified","",1,3,"Travelling",FALSE,"E309",38,3,5
"Algar","Algar62","Odocoileus virginianus",2018-12-30 20:25:24,"Unidentified","",1,3,"Travelling",FALSE,"E310",0,3,1
"Algar","Algar62","Odocoileus virginianus",2018-12-31 17:14:17,"Adult","",1,3,"Travelling",FALSE,"E311",22,3,13
"Algar","Algar62","Odocoileus virginianus",2019-01-08 21:16:42,"Adult","",1,2,"Travelling",FALSE,"E312",6,2,4
"Algar","Algar62","Odocoileus virginianus",2019-01-11 22:43:31,"Adult","",1,2,"Travelling",FALSE,"E313",35,3,14
"Algar","Algar62","Odocoileus virginianus",2019-01-12 02:34:06,"Adult","",1,2,"Travelling",FALSE,"E314",140,2,11
"Algar","Algar62","Odocoileus virginianus",2019-01-25 05:59:50,"Adult","Female",1,1,"Travelling",FALSE,"E315",4,1,4
"Algar","Algar62","Odocoileus virginianus",2019-02-03 05:59:47,"Adult","Female",1,1,"Travelling",FALSE,"E316",0,1,1
"Algar","Algar62","Odocoileus virginianus",2019-04-08 08:02:19,"Adult","",1,1,"Travelling",FALSE,"E317",3,1,3
"Algar","Algar62","Odocoileus virginianus",2019-04-15 04:16:11,"Adult","",1,1,"Travelling",FALSE,"E318",0,1,1
"Algar","Algar62","Odocoileus virginianus",2019-04-26 17:11:16,"Adult","Male",1,1,"Other",FALSE,"E319",397,1,38
"Algar","Algar62","Odocoileus virginianus",2019-05-02 17:40:50,"Adult","Male",1,1,"Foraging",FALSE,"E320",6,1,4
"Algar","Algar62","Odocoileus virginianus",2019-05-04 17:07:06,"Adult","Male",1,1,"Travelling",FALSE,"E321",6,1,4
"Algar","Algar62","Odocoileus virginianus",2019-05-19 12:53:48,"Adult","Male",1,1,"Travelling",FALSE,"E322",1,1,2
"Algar","Algar62","Odocoileus virginianus",2019-05-22 12:54:40,"Adult","Male",1,1,"Travelling",FALSE,"E323",3,1,3
"Algar","Algar62","Odocoileus virginianus",2019-05-23 15:30:18,"Adult","Male",1,1,"Travelling",FALSE,"E324",8,1,5
"Algar","Algar62","Odocoileus virginianus",2019-05-28 15:48:56,"Adult","Male",1,1,"Travelling",FALSE,"E325",1,1,2
"Algar","Algar62","Odocoileus virginianus",2019-06-05 22:40:53,"Adult","Male",1,1,"Travelling",FALSE,"E326",4,1,3
"Algar","Algar62","Odocoileus virginianus",2019-06-07 00:47:55,"Adult","Male",1,1,"Travelling",FALSE,"E327",5,1,4
"Algar","Algar62","Odocoileus virginianus",2019-06-07 04:32:37,"Adult","Female",1,1,"Travelling",FALSE,"E328",4,1,3
"Algar","Algar62","Odocoileus virginianus",2019-06-15 08:57:34,"Adult","Male",1,1,"Travelling",FALSE,"E329",6,1,4
"Algar","Algar62","Odocoileus virginianus",2019-06-15 16:34:32,"Adult","Male",1,1,"Inspecting camera",FALSE,"E330",18,1,6
"Algar","Algar62","Odocoileus virginianus",2019-06-17 11:02:50,"Adult","Male",1,1,"Inspecting camera",FALSE,"E331",19,1,3
"Algar","Algar62","Odocoileus virginianus",2019-06-20 06:25:29,"Adult","Female",1,1,"Travelling",FALSE,"E332",25,1,6
"Algar","Algar62","Odocoileus virginianus",2019-06-22 07:02:48,"Adult","Male",1,1,"Travelling",FALSE,"E333",6,1,4
"Algar","Algar62","Ursus americanus",2019-06-23 11:04:38,"Adult","",1,1,"Travelling",FALSE,"E334",12,1,5
"Algar","Algar62","Ursus americanus",2019-06-24 08:44:57,"Adult","",1,3,"Travelling",FALSE,"E335",40,3,6
"Algar","Algar62","Odocoileus virginianus",2019-06-28 10:36:44,"Adult","Female",1,1,"Travelling",FALSE,"E336",5,1,4
"Algar","Algar62","Canis lupus",2019-07-01 15:59:38,"Adult","",1,1,"Travelling",FALSE,"E337",0,1,1
"Algar","Algar62","Canis lupus",2019-07-04 18:29:44,"Adult","",1,1,"Travelling",FALSE,"E338",12,1,3
"Algar","Algar62","Odocoileus virginianus",2019-07-13 05:31:00,"Adult","Female",1,1,"Travelling",FALSE,"E339",9,1,6
"Algar","Algar62","Ursus americanus",2019-07-15 09:29:42,"Adult","",1,1,"Travelling",FALSE,"E340",3,1,3
"Algar","Algar62","Canis lupus",2019-08-12 04:28:28,"Adult","",1,1,"Travelling",FALSE,"E341",0,1,1
"Algar","Algar62","Odocoileus virginianus",2019-08-20 07:55:42,"Adult","Female",1,1,"Foraging",FALSE,"E342",8,1,7
"Algar","Algar62","Odocoileus virginianus",2019-08-20 19:33:48,"Adult","Male",1,1,"Foraging",FALSE,"E343",19,1,8
"Algar","Algar62","Odocoileus virginianus",2019-08-21 21:39:18,"Adult","Male",1,1,"Foraging",FALSE,"E344",19,1,8
"Algar","Algar62","Odocoileus virginianus",2019-08-21 23:35:24,"Adult","Male",1,1,"Travelling",FALSE,"E345",12,1,6
"Algar","Algar62","Odocoileus virginianus",2019-08-22 06:05:48,"Adult","Male",1,1,"Travelling",FALSE,"E346",7,1,6
"Algar","Algar62","Odocoileus virginianus",2019-08-27 19:54:41,"Adult","",1,3,"Travelling",FALSE,"E347",28,3,13
"Algar","Algar62","Odocoileus virginianus",2019-09-04 04:43:34,"Adult","Female",1,1,"Travelling",FALSE,"E348",47,1,8
"Algar","Algar62","Odocoileus virginianus",2019-09-09 13:18:38,"Juvenile","",1,1,"Travelling",FALSE,"E349",6,1,5
"Algar","Algar62","Ursus americanus",2019-09-12 17:48:41,"Adult","",1,2,"Travelling",FALSE,"E350",9,2,2
"Algar","Algar62","Ursus americanus",2019-09-20 18:45:45,"Adult","",1,1,"Travelling",FALSE,"E351",0,1,1
"Algar","Algar62","Ursus americanus",2019-09-27 18:20:17,"Adult","",1,3,"Travelling",FALSE,"E352",29,3,4
"Algar","Algar62","Lynx canadensis",2019-10-09 17:19:09,"Adult","",1,1,"Travelling",FALSE,"E353",0,1,1
"Algar","Algar62","Lepus americanus",2019-11-06 04:15:13,"Adult","",1,1,"",FALSE,"E354",0,1,1
"Algar","Algar63","Odocoileus virginianus",2018-11-20 17:36:40,"Adult","Female",1,1,"Travelling",FALSE,"E355",14,1,8
"Algar","Algar63","Odocoileus virginianus",2018-11-21 12:43:02,"Unidentified","",1,1,"",FALSE,"E356",2,1,2
"Algar","Algar63","Odocoileus virginianus",2018-11-25 23:06:41,"Adult","Female",1,1,"Travelling",FALSE,"E357",4,1,4
"Algar","Algar63","Odocoileus virginianus",2018-11-26 07:38:13,"Adult","Male",1,1,"Travelling",FALSE,"E358",6,1,5
"Algar","Algar63","Odocoileus virginianus",2018-12-11 22:12:44,"Adult","Female",1,1,"Travelling",FALSE,"E359",98,1,3
"Algar","Algar63","Odocoileus virginianus",2018-12-12 13:56:35,"Adult","Male",1,1,"Travelling",FALSE,"E360",6,1,5
"Algar","Algar63","Odocoileus virginianus",2018-12-30 02:17:23,"Adult","",1,1,"",FALSE,"E361",18,1,3
"Algar","Algar63","Odocoileus virginianus",2019-01-19 13:49:54,"Unidentified","",2,3,"Other",FALSE,"E362",30,3,6
"Algar","Algar63","Martes americana",2019-02-12 09:38:11,"Adult","",1,1,"",FALSE,"E363",0,1,1
"Algar","Algar63","Odocoileus virginianus",2019-02-14 01:20:24,"Adult","Female",1,1,"Travelling",FALSE,"E364",3,1,4
"Algar","Algar63","Lepus americanus",2019-03-15 00:45:23,"Unidentified","",1,1,"",FALSE,"E365",1,1,2
"Algar","Algar63","Canis lupus",2019-04-13 20:39:53,"Adult","",1,1,"Travelling",FALSE,"E366",0,1,1
"Algar","Algar63","Odocoileus virginianus",2019-04-23 08:17:23,"Adult","Male",1,1,"Travelling",FALSE,"E367",0,1,1
"Algar","Algar63","Odocoileus virginianus",2019-05-06 16:09:25,"Adult","Male",1,1,"Travelling",FALSE,"E368",288,1,10
"Algar","Algar63","Odocoileus virginianus",2019-05-08 17:41:32,"Adult","",1,1,"Travelling",FALSE,"E369",6,1,3
"Algar","Algar63","Odocoileus virginianus",2019-06-06 12:09:43,"Adult","Female",1,1,"Foraging",FALSE,"E370",14,1,9
"Algar","Algar63","Odocoileus virginianus",2019-06-14 14:12:48,"Adult","Female",1,1,"Foraging",FALSE,"E371",1,1,2
"Algar","Algar63","Odocoileus virginianus",2019-06-16 07:14:27,"Adult","",1,1,"Travelling",FALSE,"E372",0,1,1
"Algar","Algar63","Rangifer tarandus",2019-07-04 05:34:03,"Adult","",1,1,"Inspecting camera",FALSE,"E373",97,1,23
"Algar","Algar63","Odocoileus virginianus",2019-07-10 20:06:48,"Adult","Female",1,1,"Travelling",FALSE,"E374",3,1,2
"Algar","Algar63","Odocoileus virginianus",2019-07-19 08:09:06,"Adult","Male",1,1,"Travelling",FALSE,"E375",1217,1,7
"Algar","Algar63","Rangifer tarandus",2019-07-24 04:20:11,"Adult","",2,2,"Foraging",FALSE,"E376",40,2,15
"Algar","Algar63","Odocoileus virginianus",2019-07-28 08:05:59,"Juvenile","",1,1,"Foraging",FALSE,"E377",1399,2,33
"Algar","Algar63","Odocoileus virginianus",2019-08-20 18:47:21,"Juvenile","",1,1,"Foraging",FALSE,"E378",15,1,9
"Algar","Algar63","Odocoileus virginianus",2019-08-20 19:47:45,"Adult","Female",1,1,"Travelling",FALSE,"E379",1,1,2
"Algar","Algar63","Odocoileus virginianus",2019-08-20 21:31:26,"Adult","",1,2,"Foraging",FALSE,"E380",834,2,21
"Algar","Algar63","Odocoileus virginianus",2019-11-19 02:47:39,"Adult","Male",1,1,"Travelling",FALSE,"E381",2,1,2
"Algar","Algar64","Alces alces",2019-05-21 08:43:21,"Adult","Female",1,1,"Travelling",FALSE,"E382",4,1,3
"Algar","Algar64","Alces alces",2019-06-08 08:17:19,"Adult","",1,3,"Foraging",FALSE,"E383",14,3,7
"Algar","Algar64","Rangifer tarandus",2019-06-26 15:06:14,"Adult","",1,1,"Travelling",FALSE,"E384",0,1,1
"Algar","Algar64","Rangifer tarandus",2019-06-27 06:35:38,"Adult","",1,1,"Foraging",FALSE,"E385",3,1,3
"Algar","Algar64","Grus canadensis",2019-06-30 21:23:32,"Adult","",1,1,"",FALSE,"E386",2,1,2
"Algar","Algar64","Rangifer tarandus",2019-07-18 11:01:30,"Adult","",1,1,"Travelling",FALSE,"E387",0,1,1
"Algar","Algar64","Rangifer tarandus",2019-07-23 22:10:17,"Adult","",1,1,"Inspecting camera",FALSE,"E388",13,1,5
"Algar","Algar64","Rangifer tarandus",2019-07-31 20:30:08,"Adult","",1,1,"Foraging",FALSE,"E389",46,1,16
"Algar","Algar64","Rangifer tarandus",2019-08-03 07:20:36,"Adult","",1,1,"Foraging",FALSE,"E390",40,1,18
"Algar","Algar64","Rangifer tarandus",2019-08-04 03:00:53,"Adult","",1,1,"Foraging",FALSE,"E391",215,1,38
"Algar","Algar64","Rangifer tarandus",2019-08-04 05:06:50,"Adult","",1,1,"Foraging",FALSE,"E392",154,1,44
"Algar","Algar65","Alces alces",2018-11-22 23:01:07,"Adult","",1,3,"",FALSE,"E393",552,3,11
"Algar","Algar65","Alces alces",2018-11-29 00:54:48,"Adult","Female",1,1,"Foraging",FALSE,"E394",101,1,9
"Algar","Algar65","Alces alces",2018-11-29 09:04:05,"Adult + Juvenile","Female",1,2,"Travelling",FALSE,"E395",7,2,4
"Algar","Algar65","Alces alces",2018-12-02 03:26:02,"Adult","Female",1,1,"Travelling",FALSE,"E396",7,1,4
"Algar","Algar65","Alces alces",2018-12-02 09:03:19,"Adult","Female",1,1,"Travelling",FALSE,"E397",5,1,3
"Algar","Algar65","Alces alces",2018-12-02 16:30:53,"Adult","Female",1,1,"Travelling",FALSE,"E398",12,1,3
"Algar","Algar65","Alces alces",2018-12-07 23:44:11,"Adult","Male",1,1,"Travelling",FALSE,"E399",91,1,25
"Algar","Algar65","Alces alces",2018-12-08 21:53:00,"Adult","Female",1,1,"Foraging",FALSE,"E400",17,1,7
"Algar","Algar65","Alces alces",2018-12-09 13:29:36,"Adult","",1,1,"",FALSE,"E401",0,1,1
"Algar","Algar65","Alces alces",2018-12-10 05:38:08,"Adult","",1,1,"",FALSE,"E402",489,1,28
"Algar","Algar65","Alces alces",2018-12-10 11:48:29,"Adult","Female",1,1,"Foraging",FALSE,"E403",183,1,32
"Algar","Algar65","Alces alces",2018-12-24 21:09:48,"Adult","Male",1,3,"Travelling",FALSE,"E404",91,3,14
"Algar","Algar65","Alces alces",2018-12-27 03:44:49,"Adult","",1,1,"",FALSE,"E405",48,4,6
"Algar","Algar65","Alces alces",2019-01-01 13:00:25,"Adult","Male",1,1,"Travelling",FALSE,"E406",6,1,3
"Algar","Algar65","Alces alces",2019-01-23 09:07:14,"Adult","Male",1,1,"Travelling",FALSE,"E407",14,1,5
"Algar","Algar65","Alces alces",2019-01-30 10:54:09,"Adult","Male",1,1,"Travelling",FALSE,"E408",4,1,2
"Algar","Algar65","Alces alces",2019-02-03 16:08:47,"Adult","Male",1,1,"Travelling",FALSE,"E409",6,1,3
"Algar","Algar65","Alces alces",2019-02-09 09:05:29,"Adult","Male",1,1,"Travelling",FALSE,"E410",114,1,4
"Algar","Algar65","Alces alces",2019-02-12 13:27:01,"Adult","Male",1,1,"Foraging",FALSE,"E411",339,1,63
"Algar","Algar65","Alces alces",2019-02-14 00:01:38,"Adult","",1,1,"Foraging",FALSE,"E412",64,1,13
"Algar","Algar65","Alces alces",2019-02-18 10:21:20,"Adult","",1,1,"Travelling",FALSE,"E413",0,1,1
"Algar","Algar65","Alces alces",2019-02-23 17:01:39,"Adult","Male",1,1,"Travelling",FALSE,"E414",6,1,4
"Algar","Algar65","Martes americana",2019-03-12 13:35:47,"Unidentified","",1,1,"",FALSE,"E415",0,1,1
"Algar","Algar65","Alces alces",2019-04-11 07:13:00,"Adult","",1,1,"Foraging",FALSE,"E416",1020,1,215
"Algar","Algar65","Alces alces",2019-04-21 15:47:08,"Adult","Male",1,1,"Foraging",FALSE,"E417",59,1,11
"Algar","Algar65","Grus canadensis",2019-06-27 10:59:56,"Adult","",1,1,"",FALSE,"E418",61,1,2
"Algar","Algar66","Rangifer tarandus",2019-05-06 10:59:37,"Adult","",1,1,"Travelling",FALSE,"E419",11,1,5
"Algar","Algar66","Grus canadensis",2019-06-17 08:31:35,"Adult","",1,1,"Travelling",FALSE,"E420",6,1,3
"Algar","Algar66","Rangifer tarandus",2019-06-29 21:40:40,"Adult","",1,1,"Travelling",FALSE,"E421",4,1,2
"Algar","Algar66","Odocoileus virginianus",2019-07-05 07:24:59,"Adult","Female",1,1,"Travelling",FALSE,"E422",6,1,3
"Algar","Algar66","Grus canadensis",2019-08-08 15:57:05,"Adult","",1,1,"Travelling",FALSE,"E423",4,1,3
"Algar","Algar67","Grus canadensis",2019-04-30 15:55:59,"Adult","",1,2,"",FALSE,"E424",0,2,1
"Algar","Algar67","Grus canadensis",2019-05-07 07:40:13,"Adult","",1,1,"",FALSE,"E425",1,1,2
"Algar","Algar67","Odocoileus virginianus",2019-05-10 06:52:33,"Adult","",1,1,"Travelling",FALSE,"E426",5,1,4
"Algar","Algar67","Alces alces",2019-05-18 21:33:11,"Adult","",1,1,"Travelling",FALSE,"E427",13,1,10
"Algar","Algar67","Odocoileus virginianus",2019-06-06 18:54:06,"Adult","",1,2,"Travelling",FALSE,"E428",168,2,5
"Algar","Algar67","Grus canadensis",2019-06-10 10:42:39,"Adult","",1,2,"Foraging",FALSE,"E429",4,2,2
"Algar","Algar67","Grus canadensis",2019-06-11 12:02:11,"Adult","",2,2,"Foraging",FALSE,"E430",4,2,3
"Algar","Algar67","Grus canadensis",2019-06-14 08:25:05,"Adult","",1,1,"",FALSE,"E431",0,1,1
"Algar","Algar67","Grus canadensis",2019-06-16 06:07:11,"Adult","",2,2,"Travelling",FALSE,"E432",2,2,3
"Algar","Algar67","Grus canadensis",2019-06-16 10:24:28,"Adult","",1,1,"",FALSE,"E433",0,1,1
"Algar","Algar67","Grus canadensis",2019-06-20 08:30:01,"Adult","",1,1,"Travelling",FALSE,"E434",5,1,4
"Algar","Algar67","Grus canadensis",2019-06-25 06:59:06,"Adult","",1,1,"Foraging",FALSE,"E435",9,1,7
"Algar","Algar67","Grus canadensis",2019-07-03 18:04:35,"Adult","",4,4,"",FALSE,"E436",0,4,1
"Algar","Algar67","Odocoileus virginianus",2019-07-14 15:46:38,"Adult","",1,1,"",FALSE,"E437",0,1,1
"Algar","Algar67","Grus canadensis",2019-07-15 07:28:49,"Adult","",1,2,"Travelling",FALSE,"E438",14,2,6
"Algar","Algar67","Grus canadensis",2019-07-20 07:51:38,"Adult","",1,2,"Foraging",FALSE,"E439",8,2,4
"Algar","Algar67","Alces alces",2019-07-22 22:22:01,"Juvenile","",2,3,"Travelling",FALSE,"E440",14,3,10
"Algar","Algar67","Grus canadensis",2019-08-11 14:56:37,"Adult","",2,2,"Travelling",FALSE,"E441",1,2,2
"Algar","Algar67","Grus canadensis",2019-08-24 15:24:11,"Adult + Juvenile","",2,2,"Travelling",FALSE,"E442",24,2,2
"Algar","Algar67","Canis lupus",2019-11-05 10:42:51,"Adult","",1,3,"Travelling",FALSE,"E443",42,3,6
"Algar","Algar68","Alces alces",2018-11-17 11:38:18,"Adult","Male",1,1,"",FALSE,"E444",173,1,20
"Algar","Algar68","Alces alces",2018-12-08 09:25:07,"Adult","Male",1,1,"",FALSE,"E445",25,1,7
"Algar","Algar68","Grus canadensis",2019-05-01 15:38:13,"Adult","",2,2,"Foraging",FALSE,"E446",1241,2,6
"Algar","Algar68","Grus canadensis",2019-05-01 16:29:01,"Adult","",1,2,"Foraging",FALSE,"E447",56,2,8
"Algar","Algar68","Grus canadensis",2019-05-26 11:03:21,"Adult","",1,1,"Travelling",FALSE,"E448",9,1,3
"Algar","Algar68","Ursus americanus",2019-07-20 22:02:52,"Adult","",1,1,"Travelling",FALSE,"E449",1,1,2
"Algar","Algar69","Odocoileus virginianus",2018-11-14 19:05:52,"Adult","Male",1,1,"Travelling",FALSE,"E450",8,1,6
"Algar","Algar69","Odocoileus virginianus",2018-11-15 07:31:15,"Adult","Male",1,1,"Travelling",FALSE,"E451",27,1,11
"Algar","Algar69","Lynx canadensis",2018-11-17 08:07:36,"Adult","",1,1,"Travelling",FALSE,"E452",5,1,3
"Algar","Algar69","Odocoileus virginianus",2018-11-17 18:36:50,"Unidentified","Male",1,1,"Travelling",FALSE,"E453",10,1,7
"Algar","Algar69","Odocoileus virginianus",2018-11-21 07:44:50,"Adult","Female",1,1,"Travelling",FALSE,"E454",18,1,8
"Algar","Algar69","Odocoileus virginianus",2018-11-21 08:17:14,"Adult","Male",1,1,"Travelling",FALSE,"E455",92,1,6
"Algar","Algar69","Odocoileus virginianus",2018-11-22 03:19:37,"Adult","Male",1,1,"Travelling",FALSE,"E456",7,1,6
"Algar","Algar69","Odocoileus virginianus",2018-12-08 00:15:12,"Adult","Female",1,1,"Travelling",FALSE,"E457",20,1,10
"Algar","Algar69","Odocoileus virginianus",2018-12-08 04:04:48,"Adult","Female",1,1,"Travelling",FALSE,"E458",9,1,8
"Algar","Algar69","Odocoileus virginianus",2018-12-09 02:12:19,"Adult","Male",1,1,"Travelling",FALSE,"E459",8,1,7
"Algar","Algar69","Odocoileus virginianus",2018-12-14 09:48:34,"Adult","Male",1,3,"Travelling",FALSE,"E460",618,3,36
"Algar","Algar69","Lynx canadensis",2018-12-14 23:17:02,"Adult","",1,1,"",FALSE,"E461",124,1,3
"Algar","Algar69","Odocoileus virginianus",2018-12-17 07:16:41,"Adult","Male",1,1,"",FALSE,"E462",0,1,1
"Algar","Algar69","Odocoileus virginianus",2019-04-03 12:40:39,"Adult","Female",1,1,"Foraging",FALSE,"E463",5,1,4
"Algar","Algar69","Odocoileus virginianus",2019-04-14 09:49:18,"Adult","",1,1,"Travelling",FALSE,"E464",48,1,5
"Algar","Algar69","Odocoileus virginianus",2019-04-17 09:18:30,"Adult","",1,2,"Travelling",FALSE,"E465",11,2,7
"Algar","Algar69","Odocoileus virginianus",2019-04-17 10:40:56,"Adult","",1,2,"Travelling",FALSE,"E466",30,2,8
"Algar","Algar69","Ursus americanus",2019-04-17 13:09:29,"Adult","",1,1,"Travelling",FALSE,"E467",6,1,5
"Algar","Algar69","Odocoileus virginianus",2019-04-21 08:32:54,"Adult","",1,2,"Travelling",FALSE,"E468",1156,2,7
"Algar","Algar69","Ursus americanus",2019-04-30 16:47:29,"Adult","",1,1,"Travelling",FALSE,"E469",1,1,2
"Algar","Algar69","Ursus americanus",2019-05-01 05:54:46,"Adult","",1,1,"Travelling",FALSE,"E470",12,1,7
"Algar","Algar69","Odocoileus virginianus",2019-05-07 07:42:35,"Adult","Female",1,1,"Foraging",FALSE,"E471",149,1,13
"Algar","Algar69","Alces alces",2019-05-17 12:59:23,"Adult","",1,1,"Travelling",FALSE,"E472",0,1,1
"Algar","Algar69","Alces alces",2019-05-21 08:24:08,"Adult","",1,1,"Travelling",FALSE,"E473",0,1,1
"Algar","Algar69","Alces alces",2019-05-24 05:53:20,"Adult","Male",1,1,"Foraging",FALSE,"E474",53,1,19
"Algar","Algar69","Alces alces",2019-05-24 07:55:46,"Adult","",1,1,"",FALSE,"E475",0,1,1
"Algar","Algar69","Ursus americanus",2019-05-26 05:13:05,"Adult","",1,1,"Travelling",FALSE,"E476",11,1,4
"Algar","Algar69","Ursus americanus",2019-05-30 11:19:40,"Juvenile","",1,3,"",FALSE,"E477",46,3,14
"Algar","Algar69","Ursus americanus",2019-06-03 19:37:32,"Adult","",1,2,"Travelling",FALSE,"E478",99,2,21
"Algar","Algar69","Ursus americanus",2019-06-11 10:16:50,"Adult","",1,1,"Travelling",FALSE,"E479",4,1,3
"Algar","Algar69","Ursus americanus",2019-06-13 19:03:00,"Adult","",1,1,"Travelling",FALSE,"E480",2,1,2
"Algar","Algar69","Ursus americanus",2019-06-14 10:52:32,"Adult","",1,1,"Travelling",FALSE,"E481",4,1,2
"Algar","Algar69","Ursus americanus",2019-06-19 11:00:04,"Adult","",1,1,"Travelling",FALSE,"E482",4,1,3
"Algar","Algar69","Ursus americanus",2019-06-20 04:40:50,"Adult","",1,1,"Travelling",FALSE,"E483",3,1,3
"Algar","Algar69","Ursus americanus",2019-06-21 09:45:36,"Adult","",1,1,"Travelling",FALSE,"E484",96,1,16
"Algar","Algar69","Ursus americanus",2019-06-23 02:04:55,"Adult","",1,1,"Travelling",FALSE,"E485",5,1,4
"Algar","Algar69","Odocoileus virginianus",2019-06-28 17:05:53,"Adult","Female",1,1,"Travelling",FALSE,"E486",4,1,3
"Algar","Algar69","Odocoileus virginianus",2019-06-29 09:55:25,"Adult","Male",1,1,"Travelling",FALSE,"E487",5,1,3
"Algar","Algar69","Ursus americanus",2019-07-01 08:27:35,"Adult","",1,1,"Inspecting camera",FALSE,"E488",89,1,17
"Algar","Algar69","Ursus americanus",2019-07-07 16:13:46,"Adult","",1,1,"Travelling",FALSE,"E489",2,1,2
"Algar","Algar69","Odocoileus virginianus",2019-07-16 02:04:12,"Adult","Male",1,1,"Foraging",FALSE,"E490",71,1,35
"Algar","Algar69","Ursus americanus",2019-07-16 21:51:51,"Adult","",1,1,"Travelling",FALSE,"E491",3,1,3
"Algar","Algar69","Odocoileus virginianus",2019-07-19 07:34:47,"Adult","Male",1,1,"Travelling",FALSE,"E492",6,1,5
"Algar","Algar69","Odocoileus virginianus",2019-07-19 19:27:28,"Adult","Male",1,1,"Travelling",FALSE,"E493",6,1,4
"Algar","Algar69","Odocoileus virginianus",2019-07-23 23:13:24,"Adult","Male",1,1,"Travelling",FALSE,"E494",4,1,4
"Algar","Algar69","Odocoileus virginianus",2019-07-25 02:32:54,"Adult","Male",1,1,"Foraging",FALSE,"E495",20,1,11
"Algar","Algar69","Ursus americanus",2019-07-26 06:20:45,"Adult","",1,1,"Travelling",FALSE,"E496",6,1,4
"Algar","Algar69","Odocoileus virginianus",2019-07-26 07:43:18,"Adult","",1,1,"",FALSE,"E497",19,1,2
"Algar","Algar69","Odocoileus virginianus",2019-07-26 10:24:55,"Adult","",1,1,"",FALSE,"E498",1383,1,2
"Algar","Algar69","Odocoileus virginianus",2019-07-29 09:24:45,"Adult","Male",1,1,"",FALSE,"E499",0,1,1
"Algar","Algar69","Odocoileus virginianus",2019-08-15 14:22:34,"Adult","",1,1,"",FALSE,"E500",0,1,1
"Algar","Algar69","Odocoileus virginianus",2019-08-15 14:59:06,"Adult","Male",1,1,"Foraging",FALSE,"E501",112,1,39
"Algar","Algar69","Odocoileus virginianus",2019-08-23 14:15:15,"Adult","Female",1,1,"Travelling",FALSE,"E502",1468,1,8
"Algar","Algar69","Odocoileus virginianus",2019-08-26 18:05:39,"Adult","Female",1,1,"Travelling",FALSE,"E503",695,1,60
"Algar","Algar69","Odocoileus virginianus",2019-08-27 07:15:46,"Adult","",1,1,"",FALSE,"E504",8,1,4
"Algar","Algar69","Odocoileus virginianus",2019-08-29 10:05:46,"Juvenile","",1,2,"Travelling",FALSE,"E505",71,2,11
"Algar","Algar69","Ursus americanus",2019-09-03 18:33:19,"Adult","",1,1,"Travelling",FALSE,"E506",11,1,2
"Algar","Algar69","Odocoileus virginianus",2019-09-04 14:00:15,"Adult","Male",1,1,"Foraging",FALSE,"E507",69,1,9
"Algar","Algar69","Odocoileus virginianus",2019-09-24 05:59:39,"Adult","",1,1,"",FALSE,"E508",3,1,2
"Algar","Algar69","Alces alces",2019-09-29 10:56:35,"Adult","Male",1,1,"Travelling",FALSE,"E509",4,1,3
"Algar","Algar69","Odocoileus virginianus",2019-10-04 20:48:14,"Adult","Male",1,1,"Travelling",FALSE,"E510",413,2,18
"Algar","Algar69","Odocoileus virginianus",2019-10-12 22:23:38,"Adult","",1,1,"Travelling",FALSE,"E511",46,1,6
"Algar","Algar69","Odocoileus virginianus",2019-10-13 01:47:42,"Adult","Male",1,2,"Travelling",FALSE,"E512",32,2,9
"Algar","Algar69","Odocoileus virginianus",2019-10-15 08:26:57,"Adult","Male",1,1,"Travelling",FALSE,"E513",7,1,4
"Algar","Algar69","Odocoileus virginianus",2019-10-19 08:34:14,"Adult","",1,1,"",FALSE,"E514",0,1,1
"Algar","Algar69","Odocoileus virginianus",2019-10-19 10:12:24,"Adult","Male",1,1,"Foraging",FALSE,"E515",21,1,9
"Algar","Algar69","Odocoileus virginianus",2019-10-22 01:55:00,"Adult","Male",1,1,"Foraging",FALSE,"E516",25,1,5
"Algar","Algar69","Odocoileus virginianus",2019-10-22 03:44:11,"Adult","Male",1,1,"Travelling",FALSE,"E517",8,1,5
"Algar","Algar69","Odocoileus virginianus",2019-10-25 19:45:23,"Adult","Male",1,1,"Travelling",FALSE,"E518",6,1,5
"Algar","Algar69","Odocoileus virginianus",2019-10-26 03:41:58,"Adult","Female",1,1,"Travelling",FALSE,"E519",11,1,5
"Algar","Algar69","Odocoileus virginianus",2019-10-26 15:20:29,"Adult","Female",2,2,"Foraging",FALSE,"E520",8,2,5
"Algar","Algar69","Lynx canadensis",2019-10-27 02:25:53,"Adult","",1,1,"Travelling",FALSE,"E521",0,1,1
"Algar","Algar69","Lynx canadensis",2019-11-07 04:22:59,"Adult","",1,1,"Travelling",FALSE,"E522",2,1,2
"Algar","Algar69","Odocoileus virginianus",2019-11-15 07:07:06,"Adult","Male",1,1,"Travelling",FALSE,"E523",9,1,4
"Algar","Algar69","Odocoileus virginianus",2019-11-17 06:36:15,"Adult","Male",1,1,"Travelling",FALSE,"E524",3,1,3
"Algar","Algar69","Odocoileus virginianus",2019-11-19 01:41:54,"Adult","Male",1,1,"Travelling",FALSE,"E525",4,1,4
"Algar","Algar70","Rangifer tarandus",2019-03-02 09:24:09,"Adult","Male",1,1,"Travelling",FALSE,"E526",3,1,2
"Algar","Algar70","Martes americana",2019-05-08 05:27:34,"Adult","",1,1,"",FALSE,"E527",0,1,1
"Algar","Algar70","Alces alces",2019-05-23 08:09:42,"Adult","",1,1,"Foraging",FALSE,"E528",4,1,3
"Algar","Algar70","Ursus americanus",2019-05-26 14:16:08,"Adult","",1,1,"Travelling",FALSE,"E529",7,1,5
"Algar","Algar70","Odocoileus virginianus",2019-06-21 03:36:30,"Adult","Female",1,2,"Travelling",FALSE,"E530",15,2,9
"Algar","Algar70","Odocoileus virginianus",2019-07-05 07:04:14,"Adult","Female",1,1,"Travelling",FALSE,"E531",3,1,3
"Algar","Algar70","Odocoileus virginianus",2019-08-01 08:19:02,"Adult","Female",1,1,"Inspecting camera",FALSE,"E532",35,1,11
"Algar","Algar70","Grus canadensis",2019-08-05 16:43:28,"Adult + Juvenile","",2,2,"",FALSE,"E533",0,2,1
"Algar","Algar70","Odocoileus virginianus",2019-08-12 14:07:24,"Adult","Female",1,1,"Travelling",FALSE,"E534",6,1,5
"Algar","Algar70","Grus canadensis",2019-08-13 05:55:31,"Adult + Juvenile","",2,2,"Travelling",FALSE,"E535",6,2,3
"Algar","Algar70","Grus canadensis",2019-08-18 05:02:49,"Juvenile","",2,3,"Travelling",FALSE,"E536",11,3,6
"Algar","Algar70","Rangifer tarandus",2019-11-19 07:35:46,"Adult","",1,1,"Travelling",FALSE,"E537",7,1,6
"Algar","Algar70","Rangifer tarandus",2019-11-19 08:35:00,"Adult","",1,2,"Travelling",FALSE,"E538",35,2,9
